Term,IDF
analytics,2.504077396776274
and,1.4054651081081644
are,2.09861228866811
artificial,2.09861228866811
big,2.504077396776274
brain,2.504077396776274
by,2.504077396776274
combines,2.504077396776274
complex,2.504077396776274
computers,2.504077396776274
computing,2.504077396776274
data,1.587786664902119
deep,2.504077396776274
distributed,2.504077396776274
domain,2.504077396776274
enables,2.504077396776274
extract,2.504077396776274
for,2.504077396776274
frameworks,2.504077396776274
from,2.504077396776274
generate,2.504077396776274
hadoop,2.504077396776274
helps,2.504077396776274
human,2.09861228866811
industries,2.504077396776274
insights,2.504077396776274
inspired,2.504077396776274
intelligence,2.09861228866811
is,2.09861228866811
knowledge,2.504077396776274
language,2.09861228866811
layers,2.504077396776274
learn,2.504077396776274
learning,1.587786664902119
like,2.504077396776274
machine,1.8109302162163288
most,2.504077396776274
multiple,2.504077396776274
natural,2.504077396776274
networks,2.09861228866811
neural,2.09861228866811
of,2.09861228866811
patterns,2.504077396776274
popular,2.504077396776274
process,2.504077396776274
processing,2.504077396776274
programming,2.09861228866811
python,2.504077396776274
requires,2.504077396776274
science,2.09861228866811
spark,2.504077396776274
statistics,2.504077396776274
structure,2.504077396776274
subset,2.504077396776274
systems,2.504077396776274
that,2.504077396776274
the,2.09861228866811
to,1.8109302162163288
transforming,2.504077396776274
understand,2.504077396776274
uses,2.504077396776274
various,2.504077396776274
with,2.504077396776274
worldwide,2.504077396776274
